repeat,method,bal_acc_AGE_ORD,nrmse_LOG_INCOME,nrmse_LOG_TRB,bal_acc_DIG_ACTIVE,bal_acc_FX_TRANS,bal_acc_PAYME,bal_acc_CC,bal_acc_LN,bal_acc_MT,bal_acc_TD,bal_acc_SC,bal_acc_SP,bal_acc_BD,bal_acc_MPF,mean_nrmse,mean_balanced_acc,score_lower_better,seconds
0,median_mode,0.3333333333333333,0.7696692927430894,1.0993075230976104,0.5,0.5,0.5,0.5,0.5,0.5,0.5,0.5,0.5,0.5,0.5,0.9344884079203499,0.4861111111111111,1.4483772968092388,0.03160905838012695
0,knn,0.3243831045500927,0.6617256251753805,0.8842114572677854,0.7564344005021971,0.5238936894474994,0.6645346494762289,0.7751716247139588,0.5,0.5,0.5294117647058824,0.5,0.5,0.5,0.5612270398600525,0.772968541221583,0.5529213561046593,1.2200471851169237,0.429718017578125
0,iterative,0.345031940275533,0.6864375602209205,0.9220137676838068,0.537037037037037,0.5,0.5512691377921032,0.7639588100686499,0.5,0.5,0.5,0.5,0.5,0.5,0.4928776708734225,0.8042256639523637,0.5158478830038955,1.2883777809484682,0.19535017013549805
1,median_mode,0.3333333333333333,1.0862154084898878,0.9729930761641159,0.5,0.5,0.5,0.5,0.5,0.5,0.5,0.5,0.5,0.5,0.5,1.029604242327002,0.4861111111111111,1.5434931312158908,0.02108597755432129
1,knn,0.37928496907370146,0.9320608316323575,0.8094520584669518,0.5763019116677653,0.4874634858812074,0.6616329239960173,0.7679400683431175,0.5,0.5,0.5,0.5,0.5,0.5,0.6026119402985075,0.8707564450496547,0.5396029416050263,1.3311535034446282,0.36543798446655273
1,iterative,0.33809337506520604,0.8827409977684324,0.820590140861028,0.4969512195121951,0.5,0.6170483460559796,0.7632962411285377,0.5,0.5,0.5,0.5,0.5,0.5,0.5096393034825871,0.8516655693147301,0.5187523737703755,1.3329131955443545,0.18053507804870605
2,median_mode,0.3333333333333333,1.1081934376494764,1.001939894357925,0.5,0.5,0.5,0.5,0.5,0.5,0.5,0.5,0.5,0.5,0.5,1.0550666660037007,0.4861111111111111,1.5689555548925895,0.021765947341918945
2,knn,0.3619239287843939,0.8822563107708237,0.8358728351788367,0.7429584599797365,0.5512435677530018,0.6381772151898735,0.8154838709677419,0.5,0.5,0.5,0.49702380952380953,0.5,0.5,0.6715225563909775,0.8590645729748302,0.5648611173824611,1.2942034555923692,0.31696200370788574
2,iterative,0.3488372093023256,0.9082946473589907,0.8657784151695997,0.5893617021276596,0.5,0.5649113924050633,0.7752150537634408,0.5,0.5,0.5,0.5,0.5,0.5,0.4967105263157895,0.8870365312642952,0.5229196569928566,1.3641168742714385,0.1797020435333252
