strategy,k,silhouette,davies_bouldin,stability_ari,min_share,valid
raw_standard,3,0.22866786690697663,1.2958867192723513,0.689685172271609,0.00075,False
raw_standard,4,0.2352874951379057,1.2092057983203086,0.5328852165030559,0.00075,False
raw_standard,5,0.19023706506616833,1.497207342847903,0.7806443172691189,0.00075,False
raw_standard,6,0.17500232501156882,1.5772824447462093,0.537573328837212,0.00075,False
raw_standard,7,0.17213922289260383,1.4663809661437726,0.6441932643231512,0.0003,False
raw_standard,8,0.16095844948043395,1.5814530757460228,0.7500018800685974,0.0005,False
log_standard,3,0.19697226085590286,1.7041001139150227,0.9862502051260161,0.2216,True
log_standard,4,0.19549500293946875,1.5375410048674927,0.9883337563557555,0.13175,True
log_standard,5,0.16282523134839597,1.7284489803884895,0.8216047468987522,0.09605,True
log_standard,6,0.15416773948213655,1.7059663474881355,0.9707310341624862,0.05815,True
log_standard,7,0.15595183343357039,1.7377861271852766,0.806833897436747,0.0485,True
log_standard,8,0.14458958732764013,1.8506040102797412,0.8443504974329306,0.04655,True
winsor_log_standard,3,0.1968030731100644,1.6998784088418823,0.9816136541455016,0.22775,True
winsor_log_standard,4,0.1962710274127204,1.5331215872907282,0.8879833020969816,0.131,True
winsor_log_standard,5,0.1639835645002468,1.7173900083436269,0.8419955507063703,0.10145,True
winsor_log_standard,6,0.15293064140951595,1.7519861521008304,0.989552996462962,0.077,True
winsor_log_standard,7,0.1553042143299173,1.7456387162384437,0.832533930312558,0.0655,True
winsor_log_standard,8,0.13904659134555528,1.8585744690362476,0.5639915565511938,0.06295,True
yeo_johnson,3,0.19425012868991567,1.697403883155942,0.9396930530133835,0.2712,True
yeo_johnson,4,0.16342698087073762,1.7619007469566004,0.604431727799148,0.2022,True
yeo_johnson,5,0.163721727428722,1.691213568441782,0.5651721093754194,0.13325,True
yeo_johnson,6,0.1528566551498395,1.7008940311899605,0.7192555591731589,0.1096,True
yeo_johnson,7,0.14824529357877106,1.6411903101772867,0.8125472098241714,0.06825,True
yeo_johnson,8,0.15076539625882338,1.6488412110771928,0.8501430933912753,0.0684,True
quantile_normal,3,0.1890813527227815,1.6960988105149941,0.9902453192514308,0.2731,True
quantile_normal,4,0.16150059367192465,1.76157626103906,0.835543104263974,0.20895,True
quantile_normal,5,0.14990947706811328,1.7581549666854248,0.7796655995442316,0.16235,True
quantile_normal,6,0.14429222932608246,1.708923092987266,0.7566632431600777,0.1214,True
quantile_normal,7,0.1459533936850077,1.8530113073154264,0.6758318916740887,0.1,True
quantile_normal,8,0.1475057541478664,1.7129582587578904,0.5298497613848652,0.00875,False
log_robust,3,0.18439854533275624,1.6854054056122036,0.9916477707328536,0.20265,True
log_robust,4,0.14036581866096265,1.919984951592158,0.9896482604554346,0.1466,True
log_robust,5,0.1275002253820584,1.9931079548489348,0.6734294510401253,0.12655,True
log_robust,6,0.13108558737387183,1.8923745909554466,0.5668296821319678,0.06625,True
log_robust,7,0.1297505548738412,1.8502646812016135,0.6317542015557436,0.06655,True
log_robust,8,0.13708474671142137,1.838686017980602,0.6352892709151935,0.0381,True
iforest_trimmed,3,0.19753726173287178,1.7025544838386057,0.9902688040399393,0.2225,True
iforest_trimmed,4,0.19588151592819308,1.534789483775717,0.9909353891610158,0.1332,True
iforest_trimmed,5,0.16421710329868786,1.720351557107458,0.6438896778275041,0.09205,True
iforest_trimmed,6,0.1542309840077454,1.7106981984966882,0.9260189389105442,0.05775,True
iforest_trimmed,7,0.15490454731330375,1.7649664446889972,0.9430429414801281,0.062,True
iforest_trimmed,8,0.14020533688505574,1.8380800317171415,0.7167515314586905,0.04945,True
