feature,importance_mean,importance_sd
AGE_ORD,0.35120000000000007,0.0059431047296140144
LOG_TRB,0.21313333333333334,0.0062928138517549725
LOG_INCOME,0.1902666666666667,0.003511954891580157
CC,0.01940000000000004,0.0021774376151571587
DIG_ACTIVE,0.006111111111111145,0.0005900408021045181
PAYME,0.003288888888888919,0.0006577177149754887
MPF,0.0026666666666666948,0.001233283282267714
FX_TRANS,0.0019333333333333758,0.000737362667690528
SC,0.0005333333333333634,0.0002474561939035705
BD,0.00031111111111112864,0.000332591767713258
TD,0.00022222222222223476,0.00024343224778008757
LN,0.00011111111111111738,0.0002675909906398439
SP,-8.888888888889391e-05,0.0002036700308869377
MT,-0.0004666666666666264,0.00020964402515677346
